{"schemaVersion":4,"source":{"uri":"models/environment/explosion.glb","sha256":"3cb7a62d252c2c22075e4875ba3448eeef3ed4dd16d872ed0ce370e1c92d6c7a"},"animationNames":[],"boundingBox":{"min":{"x":-12.37399959564209,"y":0.26861301064491394,"z":-12.920599937438963},"max":{"x":10.907299995422363,"y":18.131399154663086,"z":11.517900466918947}},"nodeNames":["Sketchfab_model","8e761806c8a6443c948b1b456b56e2b6.obj.cleaner.materialmerger.gles","Object_2"],"trimesh":{"vertices":[-1.8488502502441406,-8.93111801147461,1.8624197244644165,-4.0659003257751465,-8.93111801147461,3.1750197410583496,-3.7911500930786133,-8.930892944335938,1.0433197021484375,-2.937040090560913,-8.930917739868164,0.9116197228431702,-2.4975602626800537,-8.930892944335938,3.83886981010437,-1.8642802238464355,-8.930917739868164,3.0548198223114014,-0.6382801532745361,-8.931017875671387,3.040189743041992,-2.301480293273926,-8.931017875671387,7.147469520568848,-0.06853020191192627,-8.930892944335938,6.026589870452881,0.028841793537139893,-8.930917739868164,3.897719621658325,0.6773722767829895,-8.930968284606934,3.386399745941162,1.2329097986221313,-8.930968284606934,7.1706695556640625,2.1902499198913574,-8.930892944335938,5.908669948577881,1.4154698848724365,-8.930917739868164,3.751969814300537,1.8638697862625122,-8.931318283081055,2.591599702835083,4.735459804534912,-8.931318283081055,6.399119853973389,3.8694798946380615,-8.930892944335938,3.169649839401245,3.091979742050171,-8.930917739868164,2.5339195728302,2.5858798027038574,-8.931093215942383,1.0858076810836792,5.673099994659424,-8.931093215942383,1.8510197401046753,3.6590497493743896,-8.930917739868164,-0.13408225774765015,4.598010063171387,-8.930892944335938,-0.2577582597732544,2.433609962463379,-8.931068420410156,-0.4995303153991699,4.80325984954834,-8.931068420410156,-1.907940149307251,2.622929811477661,-8.930917739868164,-1.9287402629852295,3.266899824142456,-8.930892944335938,-2.563230276107788,2.762359857559204,-8.930968284606934,-3.4995803833007812,1.6126797199249268,-8.930968284606934,-1.9243903160095215,1.4154717922210693,-8.930917739868164,-2.8390002250671387,1.715749740600586,-8.930892944335938,-3.7044801712036133,0.09013181924819946,-8.931367874145508,-1.974090337753296,0.4113917946815491,-8.931392669677734,-4.7868804931640625,-0.9463901519775391,-8.930892944335938,-3.7044801712036133,-0.6568101644515991,-8.930917739868164,-2.8390002250671387,-1.1383302211761475,-8.931017875671387,-1.447040319442749,-2.5260202884674072,-8.931017875671387,-3.212050199508667,-2.3333301544189453,-8.930917739868164,-1.305070161819458,-3.100090265274048,-8.930892944335938,-1.8940403461456299,-2.1777801513671875,-8.931318283081055,-0.13674724102020264,-4.6026201248168945,-8.931343078613281,-1.0180702209472656,-1.8488502502441406,-8.93111801147461,1.8624197244644165,-2.937040090560913,-8.930917739868164,0.9116197228431702,-5.901669979095459,-6.380246162414551,1.5994696617126465,-9.415550231933594,1.1410936117172241,7.6780195236206055,-4.0659003257751465,-8.93111801147461,3.1750197410583496,-9.415550231933594,1.1410936117172241,7.6780195236206055,-5.901669979095459,-6.380246162414551,1.5994696617126465,-3.7911500930786133,-8.930892944335938,1.0433197021484375,-3.7327699661254883,-6.380246162414551,5.726319789886475,-2.4975602626800537,-8.930892944335938,3.83886981010437,-0.6382801532745361,-8.931017875671387,3.040189743041992,-1.8642802238464355,-8.930917739868164,3.0548198223114014,-3.7327699661254883,-6.380246162414551,5.726319789886475,-3.436150074005127,-2.625095844268799,10.938249588012695,-2.301480293273926,-8.931017875671387,7.147469520568848,-3.436150074005127,-2.625095844268799,10.938249588012695,-0.15469318628311157,-6.380246162414551,7.0110697746276855,-0.06853020191192627,-8.930892944335938,6.026589870452881,0.6773722767829895,-8.930968284606934,3.386399745941162,0.028841793537139893,-8.930917739868164,3.897719621658325,-0.15469318628311157,-6.380246162414551,7.0110697746276855,1.7364997863769531,-3.423595905303955,10.842550277709961,-0.15469318628311157,-6.380246162414551,7.0110697746276855,-0.06853020191192627,-8.930892944335938,6.026589870452881,1.2329097986221313,-8.930968284606934,7.1706695556640625,1.7364997863769531,-3.423595905303955,10.842550277709961,2.4634599685668945,-6.380246162414551,6.855369567871094,1.4154698848724365,-8.930917739868164,3.751969814300537,2.1902499198913574,-8.930892944335938,5.908669948577881,2.4634599685668945,-6.380246162414551,6.855369567871094,1.8638697862625122,-8.931318283081055,2.591599702835083,9.125309944152832,0.388453871011734,12.219249725341797,4.735459804534912,-8.931318283081055,6.399119853973389,9.125309944152832,0.388453871011734,12.219249725341797,5.858799934387207,-6.380246162414551,4.850549697875977,3.8694798946380615,-8.930892944335938,3.169649839401245,2.5858798027038574,-8.931093215942383,1.0858076810836792,3.091979742050171,-8.930917739868164,2.5339195728302,5.858799934387207,-6.380246162414551,4.850549697875977,11.640649795532227,-0.9052358269691467,3.959719657897949,5.673099994659424,-8.931093215942383,1.8510197401046753,11.640649795532227,-0.9052358269691467,3.959719657897949,6.97560977935791,-6.380246162414551,-0.4035602807998657,3.6590497493743896,-8.930917739868164,-0.13408225774765015,4.598010063171387,-8.930892944335938,-0.2577582597732544,6.97560977935791,-6.380246162414551,-0.4035602807998657,2.433609962463379,-8.931068420410156,-0.4995303153991699,9.85177993774414,-1.9344359636306763,-3.8280301094055176,4.80325984954834,-8.931068420410156,-1.907940149307251,9.85177993774414,-1.9344359636306763,-3.8280301094055176,4.229809761047363,-6.380246162414551,-3.1883301734924316,3.266899824142456,-8.930892944335938,-2.563230276107788,1.6126797199249268,-8.930968284606934,-1.9243903160095215,2.622929811477661,-8.930917739868164,-1.9287402629852295,4.229809761047363,-6.380246162414551,-3.1883301734924316,5.493509769439697,-1.4729963541030884,-6.8326802253723145,2.762359857559204,-8.930968284606934,-3.4995803833007812,5.493509769439697,-1.4729963541030884,-6.8326802253723145,2.2045798301696777,-6.380246162414551,-4.732100486755371,1.4154717922210693,-8.930917739868164,-2.8390002250671387,1.715749740600586,-8.930892944335938,-3.7044801712036133,2.2045798301696777,-6.380246162414551,-4.732100486755371,0.09013181924819946,-8.931367874145508,-1.974090337753296,1.2889118194580078,0.9606937766075134,-12.219249725341797,0.4113917946815491,-8.931392669677734,-4.7868804931640625,1.2889118194580078,0.9606937766075134,-12.219249725341797,-1.1383302211761475,-8.931017875671387,-1.447040319442749,-0.6568101644515991,-8.930917739868164,-2.8390002250671387,-1.5237102508544922,-6.380246162414551,-5.687260150909424,-5.676070213317871,-2.7237157821655273,-7.096360206604004,-2.5260202884674072,-8.931017875671387,-3.212050199508667,-5.676070213317871,-2.7237157821655273,-7.096360206604004,-1.5237102508544922,-6.380246162414551,-5.687260150909424,-0.9463901519775391,-8.930892944335938,-3.7044801712036133,-4.825270175933838,-6.380246162414551,-2.91191029548645,-3.100090265274048,-8.930892944335938,-1.8940403461456299,-2.1777801513671875,-8.931318283081055,-0.13674724102020264,-2.3333301544189453,-8.930917739868164,-1.305070161819458,-4.825270175933838,-6.380246162414551,-2.91191029548645,-11.640649795532227,-0.02873571217060089,-2.6048502922058105,-4.6026201248168945,-8.931343078613281,-1.0180702209472656,-11.640649795532227,-0.02873571217060089,-2.6048502922058105,-0.15469318628311157,-6.380246162414551,7.0110697746276855,0.028841793537139893,-8.930917739868164,3.897719621658325,-1.1907602548599243,-8.758943557739258,-0.13463425636291504,-3.4276700019836426,-8.758917808532715,-1.1951003074645996,-1.8137202262878418,-8.758743286132812,-2.0215401649475098,-1.0700901746749878,-8.758792877197266,-1.164230227470398,-3.140740156173706,-8.758743286132812,0.2127007246017456,-1.9023301601409912,-8.758792877197266,0.34025272727012634,-1.3960201740264893,-8.758868217468262,1.0594767332077026,-3.8382701873779297,