{"schemaVersion":4,"source":{"uri":"models/environment/healthkit.gltf","sha256":"0c9466256a29058fe67ac69c626003d216456f8d337c74e630abe572b60011bb"},"animationNames":[],"boundingBox":{"min":{"x":-0.05145124015808106,"y":-0.015625,"z":-0.2245581001853943},"max":{"x":1.0270600888207801,"y":0.1875,"z":1.192059812213016}},"nodeNames":["cube","cube","cube","cube","cube","cube","cube","cube","cube","cube","cube","cube","cube","group",""],"trimesh":{"vertices":[0.30007851123809814,0.0390625,0.31401869654655457,0.30007851123809814,-0.0859375,0.31401869654655457,0.539255678653717,0.0390625,-0.26340600848197937,0.539255678653717,-0.0859375,-0.26340600848197937,0.07731591165065765,0.0390625,-0.4547477066516876,0.07731591165065765,-0.0859375,-0.4547477066516876,-0.16186122596263885,0.0390625,0.12267699092626572,-0.16186122596263885,-0.0859375,0.12267699092626572,0.07731591165065765,0.0390625,-0.4547477066516876,-0.16186122596263885,0.0390625,0.12267699092626572,0.539255678653717,0.0390625,-0.26340600848197937,0.30007851123809814,0.0390625,0.31401869654655457,-0.16186122596263885,-0.0859375,0.12267699092626572,0.07731591165065765,-0.0859375,-0.4547477066516876,0.30007851123809814,-0.0859375,0.31401869654655457,0.539255678653717,-0.0859375,-0.26340600848197937,-0.16186122596263885,0.0390625,0.12267699092626572,-0.16186122596263885,-0.0859375,0.12267699092626572,0.30007851123809814,0.0390625,0.31401869654655457,0.30007851123809814,-0.0859375,0.31401869654655457,0.539255678653717,0.0390625,-0.26340600848197937,0.539255678653717,-0.0859375,-0.26340600848197937,0.07731591165065765,0.0390625,-0.4547477066516876,0.07731591165065765,-0.0859375,-0.4547477066516876,0.2720571756362915,-0.023375000804662704,0.7083089351654053,0.2720571756362915,-0.0234375,0.7083089351654053,0.5112343430519104,-0.023375000804662704,0.13088424503803253,0.5112343430519104,-0.0234375,0.13088424503803253,-0.18167531490325928,-0.023375000804662704,-0.15612833201885223,-0.18167531490325928,-0.0234375,-0.15612833201885223,-0.4208524525165558,-0.023375000804662704,0.4212963879108429,-0.4208524525165558,-0.0234375,0.4212963879108429,-0.18167531490325928,-0.023375000804662704,-0.15612833201885223,-0.4208524525165558,-0.023375000804662704,0.4212963879108429,0.5112343430519104,-0.023375000804662704,0.13088424503803253,0.2720571756362915,-0.023375000804662704,0.7083089351654053,-0.4208524525165558,-0.0234375,0.4212963879108429,-0.18167531490325928,-0.0234375,-0.15612833201885223,0.2720571756362915,-0.0234375,0.7083089351654053,0.5112343430519104,-0.0234375,0.13088424503803253,-0.4208524525165558,-0.023375000804662704,0.4212963879108429,-0.4208524525165558,-0.0234375,0.4212963879108429,0.2720571756362915,-0.023375000804662704,0.7083089351654053,0.2720571756362915,-0.0234375,0.7083089351654053,0.5112343430519104,-0.023375000804662704,0.13088424503803253,0.5112343430519104,-0.0234375,0.13088424503803253,-0.18167531490325928,-0.023375000804662704,-0.15612833201885223,-0.18167531490325928,-0.0234375,-0.15612833201885223,0.06443185359239578,0.0390625,0.5055255889892578,0.06443185359239578,-0.0859375,0.5055255889892578,0.15282021462917328,0.0390625,0.4171372354030609,0.15282021462917328,-0.0859375,0.4171372354030609,0.06443184614181519,0.0390625,0.3287489116191864,0.06443184614181519,-0.0859375,0.3287489116191864,-0.023956473916769028,0.0390625,0.4171372354030609,-0.023956473916769028,-0.0859375,0.4171372354030609,0.06443184614181519,0.0390625,0.3287489116191864,-0.023956473916769028,0.0390625,0.4171372354030609,0.15282021462917328,0.0390625,0.4171372354030609,0.06443185359239578,0.0390625,0.5055255889892578,-0.023956473916769028,-0.0859375,0.4171372354030609,0.06443184614181519,-0.0859375,0.3287489116191864,0.06443185359239578,-0.0859375,0.5055255889892578,0.15282021462917328,-0.0859375,0.4171372354030609,-0.023956473916769028,0.0390625,0.4171372354030609,-0.023956473916769028,-0.0859375,0.4171372354030609,0.06443185359239578,0.0390625,0.5055255889892578,0.06443185359239578,-0.0859375,0.5055255889892578,0.15282021462917328,0.0390625,0.4171372354030609,0.15282021462917328,-0.0859375,0.4171372354030609,0.06443184614181519,0.0390625,0.3287489116191864,0.06443184614181519,-0.0859375,0.3287489116191864,0.06443186104297638,0.1015625,0.46133139729499817,0.06443186104297638,0.0390625,0.46133139729499817,0.10862601548433304,0.1015625,0.4171372354030609,0.10862601548433304,0.0390625,0.4171372354030609,0.06443184614181519,0.1015625,0.37294304370880127,0.06443184614181519,0.0390625,0.37294304370880127,0.02023768052458763,0.1015625,0.4171372354030609,0.02023768052458763,0.0390625,0.4171372354030609,0.06443184614181519,0.1015625,0.37294304370880127,0.02023768052458763,0.1015625,0.4171372354030609,0.10862601548433304,0.1015625,0.4171372354030609,0.06443186104297638,0.1015625,0.46133139729499817,0.02023768052458763,0.0390625,0.4171372354030609,0.06443184614181519,0.0390625,0.37294304370880127,0.06443186104297638,0.0390625,0.46133139729499817,0.10862601548433304,0.0390625,0.4171372354030609,0.02023768052458763,0.1015625,0.4171372354030609,0.02023768052458763,0.0390625,0.4171372354030609,0.06443186104297638,0.1015625,0.46133139729499817,0.06443186104297638,0.0390625,0.46133139729499817,0.10862601548433304,0.1015625,0.4171372354030609,0.10862601548433304,0.0390625,0.4171372354030609,0.06443184614181519,0.1015625,0.37294304370880127,0.06443184614181519,0.0390625,0.37294304370880127,-0.39863064885139465,0.0078125,-0.2954658567905426,-0.39863064885139465,-0.0546875,-0.2954658567905426,-0.39863064885139465,0.0078125,-0.4829658567905426,-0.39863064885139465,-0.0546875,-0.4829658567905426,-0.46113067865371704,0.0078125,-0.4829658567905426,-0.46113067865371704,-0.0546875,-0.4829658567905426,-0.46113064885139465,0.0078125,-0.2954658567905426,-0.46113064885139465,-0.0546875,-0.2954658567905426,-0.46113067865371704,0.0078125,-0.4829658567905426,-0.46113064885139465,0.0078125,-0.2954658567905426,-0.39863064885139465,0.0078125,-0.4829658567905426,-0.39863064885139465,0.0078125,-0.2954658567905426,-0.46113064885139465,-0.0546875,-0.2954658567905426,-0.46113067865371704,-0.0546875,-0.4829658567905426,-0.39863064885139465,-0.0546875,-0.2954658567905426,-0.39863064885139465,-0.0546875,-0.4829658567905426,-0.46113064885139465,0.0078125,-0.2954658567905426,-0.46113064885139465,-0.0546875,-0.2954658567905426,-0.39863064885139465,0.0078125,-0.2954658567905426,-0.39863064885139465,-0.0546875,-0.2954658567905426,-0.39863064885139465,0.0078125,-0.4829658567905426,-0.39863064885139465,-0.0546875,-0.4829658567905426,-0.46113067865371704,0.0078125,-0.4829658567905426,-0.46113067865371704,-0.0546875,-0.4829658567905426,-0.32050567865371704,0.0546875,0.048284124583005905,-0.32050567865371704,-0.1015625,0.048284124583005905,-0.32050567865371704,0.0546875,0.01703413762152195,-0.32050567865371704,-0.1015625,0.01703413762152195,-0.539255678653717,0.0546875,0.0170341394841671,-0.539255678653717,-0.1015625,0.0170341394841671,-0.539255678653717,0.0546875,0.0482841357588768,-0.539255678653717,-0.1015625,0.0482841357588768,-0.539255678653717,0.0546875,0.0170341394841671,-0.539255678653717,0.0546875,0.0482841357588768,-0.32050567865371704,0.0546875,0.01703413762152195,-0.32050567865371704,0.0546875,0.048284124583005905,-0.539255678653717,-0.1015625,0.0482841357588768,-0.539255678653717,-0.1015625,0.0170341394841671,-0.32050567865371704,-0.1015625,0.048284124583005905,-0.32050567865371704,-0.1015625,0.01703413762152195,-0.539255678653717,0.0546875,0.0482841357588768,-0.539255678653717,-0.1015625,0.0482841357588768,-0.32050567865371704,0.0546875,0.048284124583005905,-0.32050567865371704,-0.1015625,0.048284124583005905,-0.32050567865371704,0.0546875,0.01703413762152195,-0.32050567865371704,-0.1015625,0.01703413762152195,-0.539255678653717,0.0546875,0.0170341394841671,-0.539255678653717,-0.1015625,0.0170341394841671,-0.35175567865371704,0.0546875,0.2045341581106186,-0.35175567865371704,-0.1015625,0.2045341581106186,-0.35175567865371704,0.0546875,0.1732841432094574,