{"schemaVersion":4,"source":{"uri":"models/environment/barbedfence.gltf","sha256":"847228812dc77a792128b8faf1a67163bb5e2ce8db23e2e6f1f32768cda6e654"},"animationNames":[],"boundingBox":{"min":{"x":-0.125,"y":0,"z":0.018305826175840784},"max":{"x":1.0625,"y":0.9375625252723694,"z":0.9816941738241592}},"nodeNames":["cube","cube","cube","cube","cube","cube","cube","cube","cube","cube","cube","cube","cube","group","group","group",""],"trimesh":{"vertices":[0.59375,0.4687187373638153,-0.249937504529953,0.59375,-0.4062812626361847,-0.249937504529953,0.59375,0.4687187373638153,-0.25,0.59375,-0.4062812626361847,-0.25,-0.28125,0.4687187373638153,-0.25,-0.28125,-0.4062812626361847,-0.25,-0.28125,0.4687187373638153,-0.249937504529953,-0.28125,-0.4062812626361847,-0.249937504529953,-0.28125,0.4687187373638153,-0.25,-0.28125,0.4687187373638153,-0.249937504529953,0.59375,0.4687187373638153,-0.25,0.59375,0.4687187373638153,-0.249937504529953,-0.28125,-0.4062812626361847,-0.249937504529953,-0.28125,-0.4062812626361847,-0.25,0.59375,-0.4062812626361847,-0.249937504529953,0.59375,-0.4062812626361847,-0.25,-0.28125,0.4687187373638153,-0.249937504529953,-0.28125,-0.4062812626361847,-0.249937504529953,0.59375,0.4687187373638153,-0.249937504529953,0.59375,-0.4062812626361847,-0.249937504529953,0.59375,0.4687187373638153,-0.25,0.59375,-0.4062812626361847,-0.25,-0.28125,0.4687187373638153,-0.25,-0.28125,-0.4062812626361847,-0.25,0.59375,0.3670403063297272,0.37034863233566284,0.59375,0.3669825494289398,0.3703725337982178,0.59375,0.03219228982925415,-0.4380459785461426,0.59375,0.032134562730789185,-0.43802204728126526,-0.28125,0.03219228982925415,-0.4380459785461426,-0.28125,0.032134562730789185,-0.43802204728126526,-0.28125,0.3670403063297272,0.37034863233566284,-0.28125,0.3669825494289398,0.3703725337982178,-0.28125,0.03219228982925415,-0.4380459785461426,-0.28125,0.3670403063297272,0.37034863233566284,0.59375,0.03219228982925415,-0.4380459785461426,0.59375,0.3670403063297272,0.37034863233566284,-0.28125,0.3669825494289398,0.3703725337982178,-0.28125,0.032134562730789185,-0.43802204728126526,0.59375,0.3669825494289398,0.3703725337982178,0.59375,0.032134562730789185,-0.43802204728126526,-0.28125,0.3670403063297272,0.37034863233566284,-0.28125,0.3669825494289398,0.3703725337982178,0.59375,0.3670403063297272,0.37034863233566284,0.59375,0.3669825494289398,0.3703725337982178,0.59375,0.03219228982925415,-0.4380459785461426,0.59375,0.032134562730789185,-0.43802204728126526,-0.28125,0.03219228982925415,-0.4380459785461426,-0.28125,0.032134562730789185,-0.43802204728126526,0.59375,0.4687187373638153,0.2500624656677246,0.59375,-0.4062812626361847,0.2500624656677246,0.59375,0.4687187373638153,0.25,0.59375,-0.4062812626361847,0.25,-0.28125,0.4687187373638153,0.25,-0.28125,-0.4062812626361847,0.25,-0.28125,0.4687187373638153,0.2500624656677246,-0.28125,-0.4062812626361847,0.2500624656677246,-0.28125,0.4687187373638153,0.25,-0.28125,0.4687187373638153,0.2500624656677246,0.59375,0.4687187373638153,0.25,0.59375,0.4687187373638153,0.2500624656677246,-0.28125,-0.4062812626361847,0.2500624656677246,-0.28125,-0.4062812626361847,0.25,0.59375,-0.4062812626361847,0.2500624656677246,0.59375,-0.4062812626361847,0.25,-0.28125,0.4687187373638153,0.2500624656677246,-0.28125,-0.4062812626361847,0.2500624656677246,0.59375,0.4687187373638153,0.2500624656677246,0.59375,-0.4062812626361847,0.2500624656677246,0.59375,0.4687187373638153,0.25,0.59375,-0.4062812626361847,0.25,-0.28125,0.4687187373638153,0.25,-0.28125,-0.4062812626361847,0.25,0.59375,-0.30448734760284424,0.3703964352607727,0.59375,-0.3045450747013092,0.3703725337982178,0.59375,0.030360668897628784,-0.43799811601638794,0.59375,0.03030291199684143,-0.43802204728126526,-0.28125,0.030360668897628784,-0.43799811601638794,-0.28125,0.03030291199684143,-0.43802204728126526,-0.28125,-0.30448734760284424,0.3703964352607727,-0.28125,-0.3045450747013092,0.3703725337982178,-0.28125,0.030360668897628784,-0.43799811601638794,-0.28125,-0.30448734760284424,0.3703964352607727,0.59375,0.030360668897628784,-0.43799811601638794,0.59375,-0.30448734760284424,0.3703964352607727,-0.28125,-0.3045450747013092,0.3703725337982178,-0.28125,0.03030291199684143,-0.43802204728126526,0.59375,-0.3045450747013092,0.3703725337982178,0.59375,0.03030291199684143,-0.43802204728126526,-0.28125,-0.30448734760284424,0.3703964352607727,-0.28125,-0.3045450747013092,0.3703725337982178,0.59375,-0.30448734760284424,0.3703964352607727,0.59375,-0.3045450747013092,0.3703725337982178,0.59375,0.030360668897628784,-0.43799811601638794,0.59375,0.03030291199684143,-0.43802204728126526,-0.28125,0.030360668897628784,-0.43799811601638794,-0.28125,0.03030291199684143,-0.43802204728126526,0.59375,0.06596824526786804,-0.00002232193946838379,0.59375,0.010725528001785278,0.05522039532661438,0.59375,0.012935221195220947,-0.053055331110954285,0.59375,-0.042307496070861816,0.002187401056289673,-0.53125,0.012935221195220947,-0.053055331110954285,-0.53125,-0.042307496070861816,0.002187401056289673,-0.53125,0.06596824526786804,-0.00002232193946838379,-0.53125,0.010725528001785278,0.05522039532661438,-0.53125,0.012935221195220947,-0.053055331110954285,-0.53125,0.06596824526786804,-0.00002232193946838379,0.59375,0.012935221195220947,-0.053055331110954285,0.59375,0.06596824526786804,-0.00002232193946838379,-0.53125,0.010725528001785278,0.05522039532661438,-0.53125,-0.042307496070861816,0.002187401056289673,0.59375,0.010725528001785278,0.05522039532661438,0.59375,-0.042307496070861816,0.002187401056289673,-0.53125,0.06596824526786804,-0.00002232193946838379,-0.53125,0.010725528001785278,0.05522039532661438,0.59375,0.06596824526786804,-0.00002232193946838379,0.59375,0.010725528001785278,0.05522039532661438,0.59375,0.012935221195220947,-0.053055331110954285,0.59375,-0.042307496070861816,0.002187401056289673,-0.53125,0.012935221195220947,-0.053055331110954285,-0.53125,-0.042307496070861816,0.002187401056289673,-0.40625,0.4151022136211395,0.4463834762573242,-0.40625,-0.4687812626361847,-0.4375,-0.40625,0.4592963755130768,0.40218931436538696,-0.40625,-0.42458710074424744,-0.48169416189193726,-0.46875,0.4592963755130768,0.40218931436538696,-0.46875,-0.42458710074424744,-0.48169416189193726,-0.46875,0.4151022136211395,0.4463834762573242,-0.46875,-0.4687812626361847,-0.4375,-0.46875,0.4592963755130768,0.40218931436538696,-0.46875,0.4151022136211395,0.4463834762573242,-0.40625,0.4592963755130768,0.40218931436538696,-0.40625,0.4151022136211395,0.4463834762573242,-0.46875,-0.4687812626361847,-0.4375,-0.46875,-0.42458710074424744,-0.48169416189193726,-0.40625,-0.4687812626361847,-0.4375,-0.40625,-0.42458710074424744,-0.48169416189193726,-0.46875,0.4151022136211395,0.4463834762573242,-0.46875,-0.4687812626361847,-0.4375,-0.40625,0.4151022136211395,0.4463834762573242,-0.40625,-0.4687812626361847,-0.4375,-0.40625,0.4592963755130768,0.40218931436538696,-0.40625,-0.42458710074424744,-0.48169416189193726,-0.46875,0.4592963755130768,0.40218931436538696,-0.46875,-0.42458710074424744,-0.48169416189193726,-0.40625,0.4592963755130768,-0.40218931436538696,-0.40625,-0.42458710074424744,0.48169416189193726,-0.40625,0.4151022136211395,-0.4463834762573242,-0.40625,-0.4687812626361847,0.4375,-0.46875,0.4151022136211395,-0.4463834762573242,-0.46875,-0.4687812626361847,0.4375,-0.46875,0.4592963755130768,-0.40218931436538696,-0.46875,-0.42458710074424744,0.48169416189193726,-0.46875,0.4151022136211395,-0.4463834762573242,-0.46875,0.4592963755130768,-0.40218931436538696,-0.40625,0.4151022136211395,-0.4463834762573242,-0.40625,0.4592963755130768,-0.40218931436538696,-0.46875,-0.42458710074424744,0.48169416189193726,-0.46875,-0.4687812626361847,0.4375,-0.40625,-0.42458710074424744,0.48169416189193726,-0.40625,-0.4687812626361847,0.4375,-0.46875,0.4592963755130768,-0.40218931436538696,-0.46875,-0.42458710074424744,0.48169416189193726,-0.40625,0.4592963755130768,-0.40218931436538696,-0.40625,-0.42458710074424744,0.48169416189193726,-0.40625,