{"schemaVersion":4,"source":{"uri":"models/items/pickaxe.gltf","sha256":"54d98ef316ce7977191b7475187b173d071b1761b5c13ad9ad400a84839af7e1"},"animationNames":[],"boundingBox":{"min":{"x":-0.3015684187412262,"y":0,"z":-0.0625},"max":{"x":0.3015684187412262,"y":0.859375,"z":0.0625}},"nodeNames":["cube","cube","cube","cube","Handle","cube","cube","cube","cube","cube","cube","Axe","cube","pyramid","cube","cube","cube","Decor","Root",""],"trimesh":{"vertices":[0.03125,0.2578125,-0.03125,0.03125,0.2578125,0.03125,0.03125,-0.4296875,0.03125,0.03125,-0.4296875,-0.03125,-0.03125,-0.4296875,0.03125,-0.03125,0.2578125,0.03125,-0.03125,0.2578125,-0.03125,-0.03125,-0.4296875,-0.03125,-0.03125,0.2578125,0.03125,0.03125,0.2578125,0.03125,0.03125,0.2578125,-0.03125,-0.03125,0.2578125,-0.03125,0.03125,-0.4296875,-0.03125,0.03125,-0.4296875,0.03125,-0.03125,-0.4296875,0.03125,-0.03125,-0.4296875,-0.03125,0.03125,-0.4296875,0.03125,0.03125,0.2578125,0.03125,-0.03125,0.2578125,0.03125,-0.03125,-0.4296875,0.03125,-0.03125,0.2578125,-0.03125,0.03125,0.2578125,-0.03125,0.03125,-0.4296875,-0.03125,-0.03125,-0.4296875,-0.03125,0.046875,-0.3828125,-0.046875,0.046875,-0.3828125,0.046875,0.046875,-0.4140625,0.046875,0.046875,-0.4140625,-0.046875,-0.046875,-0.4140625,0.046875,-0.046875,-0.3828125,0.046875,-0.046875,-0.3828125,-0.046875,-0.046875,-0.4140625,-0.046875,-0.046875,-0.3828125,0.046875,0.046875,-0.3828125,0.046875,0.046875,-0.3828125,-0.046875,-0.046875,-0.3828125,-0.046875,0.046875,-0.4140625,-0.046875,0.046875,-0.4140625,0.046875,-0.046875,-0.4140625,0.046875,-0.046875,-0.4140625,-0.046875,0.046875,-0.4140625,0.046875,0.046875,-0.3828125,0.046875,-0.046875,-0.3828125,0.046875,-0.046875,-0.4140625,0.046875,-0.046875,-0.3828125,-0.046875,0.046875,-0.3828125,-0.046875,0.046875,-0.4140625,-0.046875,-0.046875,-0.4140625,-0.046875,0.046875,-0.1328125,-0.046875,0.046875,-0.1328125,0.046875,0.046875,-0.1640625,0.046875,0.046875,-0.1640625,-0.046875,-0.046875,-0.1640625,0.046875,-0.046875,-0.1328125,0.046875,-0.046875,-0.1328125,-0.046875,-0.046875,-0.1640625,-0.046875,-0.046875,-0.1328125,0.046875,0.046875,-0.1328125,0.046875,0.046875,-0.1328125,-0.046875,-0.046875,-0.1328125,-0.046875,0.046875,-0.1640625,-0.046875,0.046875,-0.1640625,0.046875,-0.046875,-0.1640625,0.046875,-0.046875,-0.1640625,-0.046875,0.046875,-0.1640625,0.046875,0.046875,-0.1328125,0.046875,-0.046875,-0.1328125,0.046875,-0.046875,-0.1640625,0.046875,-0.046875,-0.1328125,-0.046875,0.046875,-0.1328125,-0.046875,0.046875,-0.1640625,-0.046875,-0.046875,-0.1640625,-0.046875,0.046875,0.3515625,-0.046875,0.046875,0.3515625,0.046875,0.046875,0.2578125,0.046875,0.046875,0.2578125,-0.046875,-0.046875,0.2578125,0.046875,-0.046875,0.3515625,0.046875,-0.046875,0.3515625,-0.046875,-0.046875,0.2578125,-0.046875,-0.046875,0.3515625,0.046875,0.046875,0.3515625,0.046875,0.046875,0.3515625,-0.046875,-0.046875,0.3515625,-0.046875,0.046875,0.2578125,-0.046875,0.046875,0.2578125,0.046875,-0.046875,0.2578125,0.046875,-0.046875,0.2578125,-0.046875,0.046875,0.2578125,0.046875,0.046875,0.3515625,0.046875,-0.046875,0.3515625,0.046875,-0.046875,0.2578125,0.046875,-0.046875,0.3515625,-0.046875,0.046875,0.3515625,-0.046875,0.046875,0.2578125,-0.046875,-0.046875,0.2578125,-0.046875,-0.046875,0.3359375,-0.03125,-0.046875,0.3359375,0.03125,-0.046875,0.2734375,0.03125,-0.046875,0.2734375,-0.03125,-0.171875,0.2734375,0.03125,-0.171875,0.3359375,0.03125,-0.171875,0.3359375,-0.03125,-0.171875,0.2734375,-0.03125,-0.171875,0.3359375,0.03125,-0.046875,0.3359375,0.03125,-0.046875,0.3359375,-0.03125,-0.171875,0.3359375,-0.03125,-0.046875,0.2734375,-0.03125,-0.046875,0.2734375,0.03125,-0.171875,0.2734375,0.03125,-0.171875,0.2734375,-0.03125,-0.046875,0.2734375,0.03125,-0.046875,0.3359375,0.03125,-0.171875,0.3359375,0.03125,-0.171875,0.2734375,0.03125,-0.171875,0.3359375,-0.03125,-0.046875,0.3359375,-0.03125,-0.046875,0.2734375,-0.03125,-0.171875,0.2734375,-0.03125,-0.163913294672966,0.33164602518081665,-0.015625,-0.163913294672966,0.33164602518081665,0.015625,-0.15178115665912628,0.2863682508468628,0.015625,-0.15178115665912628,0.2863682508468628,-0.015625,-0.242336705327034,0.26210397481918335,0.015625,-0.2544688582420349,0.3073817491531372,0.015625,-0.2544688582420349,0.3073817491531372,-0.015625,-0.242336705327034,0.26210397481918335,-0.015625,-0.2544688582420349,0.3073817491531372,0.015625,-0.163913294672966,0.33164602518081665,0.015625,-0.163913294672966,0.33164602518081665,-0.015625,-0.2544688582420349,0.3073817491531372,-0.015625,-0.15178115665912628,0.2863682508468628,-0.015625,-0.15178115665912628,0.2863682508468628,0.015625,-0.242336705327034,0.26210397481918335,0.015625,-0.242336705327034,0.26210397481918335,-0.015625,-0.15178115665912628,0.2863682508468628,0.015625,-0.163913294672966,0.33164602518081665,0.015625,-0.2544688582420349,0.3073817491531372,0.015625,-0.242336705327034,0.26210397481918335,0.015625,-0.2544688582420349,0.3073817491531372,-0.015625,-0.163913294672966,0.33164602518081665,-0.015625,-0.15178115665912628,0.2863682508468628,-0.015625,-0.242336705327034,0.26210397481918335,-0.015625,-0.24102678894996643,0.30691421031951904,-0.015625,-0.24102678894996643,0.30691421031951904,0.015625,-0.2296815663576126,0.28446829319000244,0.015625,-0.2296815663576126,0.28446829319000244,-0.015625,-0.29022321105003357,0.25558578968048096,0.015625,-0.3015684187412262,0.27803170680999756,0.015625,-0.3015684187412262,0.27803170680999756,-0.015625,-0.29022321105003357,0.25558578968048096,-0.015625,-0.3015684187412262,0.27803170680999756,0.015625,-0.24102678894996643,0.30691421031951904,0.015625,-0.24102678894996643,0.30691421031951904,-0.015625,-0.3015684187412262,0.27803170680999756,-0.015625,-0.2296815663576126,0.28446829319000244,-0.015625,-0.2296815663576126,0.28446829319000244,0.015625,-0.29022321105003357,0.25558578968048096,0.015625,-0.29022321105003357,0.25558578968048096,-0.015625,-0.2296815663576126,0.28446829319000244,0.015625,-0.24102678894996643,0.30691421031951904,0.015625,-0.3015684187412262,0.27803170680999756,0.015625,-0.29022321105003357,0.25558578968048096,0.015625,-0.3015684187412262,0.27803170680999756,-0.015625,-0.24102678894996643,0.30691421031951904,-0.015625,-0.2296815663576126,0.28446829319000244,-0.015625,-0.29022321105003357,0.25558578968048096,-0.015625,0.2296815663576126,0.28446829319000244,0.015625,0.24102678894996643,0.30691421031951904,0.015625,0.24102678894996643,0.30691421031951904,-0.015625,0.2296815663576126,0.28446829319000244,-0.015625,0.3015684187412262,0.27803170680999756,-0.015625,0.3015684187412262,0.27803170680999756,0.015625,0.29022321105003357,0.25558578968048096,0.015625,0.29022321105003357,0.25558578968048096,-0.015625,0.24102678894996643,0.30691421031951904,-0.015625,0.24102678894996643,0.30691421031951904,0.015625,0.3015684187412262,0.27803170680999756,0.015625,0.3015684187412262,0.27803170680999756,-0.015625,0.29022321105003357,0.25558578968048096,0.015625,0.2296815663576126,0.28446829319000244,0.015625,0.2296815663576126,0.28446829319000244,-0.015625,0.29022321105003357,0.25558578968048096,-0.015625,0.3015684187412262,0.27803170680999756,0.015625,0.24102678894996643,0.30691421031951904,0.015625,0.2296815663576126,0.28446829319000244,0.015625,0.29022321105003357,0.25558578968048096,0.015625,0.2296815663576126,0.28446829319000244,-0.015625,0.24102678894996643,0.30691421031951904,-0.015625,0.3015684187412262,0.27803170680999756,-0.015625,0.29022321105003357,0.25558578968048096,-0.015625,0.15178115665912628,0.2863682508468628,0.015625,0.163913294672966,0.33164602518081665,0.015625,0.163913294672966,0.33164602518081665,-0.015625,0.15178115665912628,0.2863682508468628,-0.015625,0.2544688582420349,0.3073817491531372,-0.015625,0.2544688582420349,0.3073817491531372,0.015625,0.242336705327034,0.26210397481918335,0.015625,0.242336705327034,0.26210397481918335,-0.015625,0.163913294672966,0.33164602518081665,-0.015625,0.163913294672966,0.33164602518081665,0.015625,0.2544688582420349,0.3073817491531372,